Date,Name,Year,Letterboxd URI,Rating
2021-09-29,Malignant,2021,https://boxd.it/mViE,3.5
2021-09-29,Candyman,2021,https://boxd.it/kHFg,4
2021-09-29,Soul,2020,https://boxd.it/ioLA,4
2021-09-29,Judas and the Black Messiah,2021,https://boxd.it/lsew,4.5
2021-09-29,Borat Subsequent Moviefilm: Delivery of Prodigious Bribe to American Regime for Make Benefit Once Glorious Nation of Kazakhstan,2020,https://boxd.it/rNS0,4
2021-09-29,Fear Street: 1994,2021,https://boxd.it/lLBk,2.5
2021-09-29,Sonic the Hedgehog,2020,https://boxd.it/gdK8,3
2021-09-29,Bad Trip,2021,https://boxd.it/lgRG,3.5
2021-09-29,Bill & Ted Face the Music,2020,https://boxd.it/i7BI,2.5
2021-09-29,Horse Girl,2020,https://boxd.it/oioi,1
2021-09-29,Knives Out,2019,https://boxd.it/jWEA,4
2021-09-29,Jojo Rabbit,2019,https://boxd.it/iEBG,4.5
2021-09-29,Avengers: Endgame,2019,https://boxd.it/9vE4,3.5
2021-09-29,Spider-Man: Far From Home,2019,https://boxd.it/fegG,3.5
2021-09-29,Booksmart,2019,https://boxd.it/igNS,3.5
2021-09-29,Captain Marvel,2019,https://boxd.it/9vSA,2.5
2021-09-29,The Irishman,2019,https://boxd.it/dYOq,4
2021-09-29,Toy Story 4,2019,https://boxd.it/9ALu,3.5
2021-09-29,It Chapter Two,2019,https://boxd.it/h10u,3
2021-09-29,Frozen II,2019,https://boxd.it/aPvo,2
2021-09-29,The Lion King,2019,https://boxd.it/eSjI,2
2021-09-29,El Camino: A Breaking Bad Movie,2019,https://boxd.it/kv0q,4
2021-09-29,The Peanut Butter Falcon,2019,https://boxd.it/gzu2,4.5
2021-09-29,Jumanji: The Next Level,2019,https://boxd.it/ixu4,2.5
2021-09-29,A Beautiful Day in the Neighborhood,2019,https://boxd.it/i7vA,3.5
2021-09-29,The Suicide Squad,2021,https://boxd.it/fw6O,4
2021-09-29,The Lego Movie 2: The Second Part,2019,https://boxd.it/8BAU,3.5
2021-09-29,Avengers: Infinity War,2018,https://boxd.it/9vEe,4.5
2021-09-29,Black Panther,2018,https://boxd.it/8MHs,3.5
2021-09-29,Hereditary,2018,https://boxd.it/hNVe,4.5
2021-09-29,Incredibles 2,2018,https://boxd.it/7IPg,3.5
2021-09-29,Ant-Man and the Wasp,2018,https://boxd.it/cqUW,3
2021-09-29,Sorry to Bother You,2018,https://boxd.it/f21E,4.5
2021-09-29,Solo: A Star Wars Story,2018,https://boxd.it/bGWs,3
2021-09-29,Mission: Impossible – Fallout,2018,https://boxd.it/bSVc,4.5
2021-09-29,Halloween,2018,https://boxd.it/f0uE,4
2021-09-29,Baby Driver,2017,https://boxd.it/bhF2,4.5
2021-09-29,Coco,2017,https://boxd.it/bYJQ,4.5
2021-09-29,Star Wars: The Last Jedi,2017,https://boxd.it/5xme,1
2021-09-29,The Disaster Artist,2017,https://boxd.it/cTqc,3.5
2021-09-29,Happy Death Day,2017,https://boxd.it/fDz4,3.5
2021-09-29,Wonder,2017,https://boxd.it/ekeY,3.5
2021-09-29,Cars 3,2017,https://boxd.it/7IPq,3
2021-09-29,Despicable Me 3,2017,https://boxd.it/azpu,2
2021-09-29,Death Note,2017,https://boxd.it/bOS4,0.5
2021-10-08,Shang-Chi and the Legend of the Ten Rings,2021,https://boxd.it/kLDI,3.5
2021-10-09,Halloween,1978,https://boxd.it/2wRu,5
2021-10-13,Saw II,2005,https://boxd.it/2aRs,2.5
2021-10-13,Saw III,2006,https://boxd.it/2aRC,2.5
2021-10-31,Dune,2021,https://boxd.it/fA7G,3.5
2021-11-20,Monster,2004,https://boxd.it/py6Q,5
2022-03-05,The Batman,2022,https://boxd.it/eDGs,4.5
2022-03-07,Joker,2019,https://boxd.it/h4cS,4
2022-03-07,Spider-Man 2,2004,https://boxd.it/2a88,5
2022-03-07,Godzilla,1954,https://boxd.it/28kc,5
2022-03-07,The Worst Person in the World,2021,https://boxd.it/oyws,4.5
2022-03-07,Licorice Pizza,2021,https://boxd.it/qTKY,3.5
2022-03-07,Uncharted,2022,https://boxd.it/b5Dy,3
2022-03-07,Inception,2010,https://boxd.it/1skk,4.5
2022-03-07,Get Out,2017,https://boxd.it/eOCm,4.5
2022-03-07,GoodFellas,1990,https://boxd.it/29FA,5
2022-03-26,X,2022,https://boxd.it/sxVa,4
2022-03-29,The Shining,1980,https://boxd.it/29Nu,4.5
2022-03-29,Eternal Sunshine of the Spotless Mind,2004,https://boxd.it/6YK,4.5
2022-03-29,The Truman Show,1998,https://boxd.it/18U8,5
2022-04-14,Everything Everywhere All at Once,2022,https://boxd.it/jUk4,4.5
2022-04-14,Sonic the Hedgehog 2,2022,https://boxd.it/pb8O,3
2022-04-14,Morbius,2022,https://boxd.it/j978,0.5
2022-04-14,Death on the Nile,2022,https://boxd.it/ifpg,2
2022-04-14,Umma,2022,https://boxd.it/scAg,1.5
2022-04-21,The Lighthouse,2019,https://boxd.it/icFU,5
2022-05-12,Doctor Strange,2016,https://boxd.it/8MH8,3.5
2022-05-12,The Northman,2022,https://boxd.it/nK2s,4
2022-05-12,The Unbearable Weight of Massive Talent,2022,https://boxd.it/o6eK,3.5
2022-05-16,Ex Machina,2015,https://boxd.it/7T2k,5
2022-05-30,Top Gun: Maverick,2022,https://boxd.it/cjr4,4
2022-06-05,Crimes of the Future,2022,https://boxd.it/uTuY,2.5
2022-06-25,Lightyear,2022,https://boxd.it/qV1G,3
2022-06-25,Jurassic World Dominion,2022,https://boxd.it/ikXW,2
2022-06-29,A Beautiful Mind,2001,https://boxd.it/2amk,2.5
2022-07-09,Minions: The Rise of Gru,2022,https://boxd.it/fz9w,2.5
2022-07-24,Nope,2022,https://boxd.it/sDCe,4.5
2022-09-04,Jaws,1975,https://boxd.it/2a5e,5
2022-09-04,Bodies Bodies Bodies,2022,https://boxd.it/iRcE,4
2022-09-04,Parasite,2019,https://boxd.it/hTha,4.5
2022-09-04,Uncut Gems,2019,https://boxd.it/gXGc,5
2022-09-04,Spider-Man: No Way Home,2021,https://boxd.it/nwRw,4
2022-09-04,No Country for Old Men,2007,https://boxd.it/21ew,5
2022-09-04,Spider-Man: Homecoming,2017,https://boxd.it/aboM,3.5
2022-09-04,It,2017,https://boxd.it/bC8e,3.5
2022-09-04,Saw,2004,https://boxd.it/2aWW,3.5
2022-09-04,A Quiet Place,2018,https://boxd.it/fVJQ,3
2022-09-04,Guardians of the Galaxy Vol. 2,2017,https://boxd.it/8MxC,3
2022-09-04,Deadpool 2,2018,https://boxd.it/dlLM,3
2022-09-04,Cruella,2021,https://boxd.it/bbKg,3
2022-09-04,Black Widow,2021,https://boxd.it/hWV8,2
2022-09-04,"The French Dispatch of the Liberty, Kansas Evening Sun",2021,https://boxd.it/jLP8,2.5
2022-09-04,Venom: Let There Be Carnage,2021,https://boxd.it/llco,2.5
2022-09-04,Lamb,2021,https://boxd.it/tFwE,2.5
2022-09-04,Three Thousand Years of Longing,2022,https://boxd.it/kmoy,3
2022-09-04,Bullet Train,2022,https://boxd.it/qW26,3
2022-09-04,Beast,2022,https://boxd.it/szW0,3.5
2022-09-04,Emily the Criminal,2022,https://boxd.it/wBOq,4
2022-09-04,Fall,2022,https://boxd.it/Bf6G,2.5
2022-09-04,DC League of Super-Pets,2022,https://boxd.it/jFTI,3
2022-09-04,Marcel the Shell with Shoes On,2021,https://boxd.it/wMAk,2.5
2022-09-04,American Psycho,2000,https://boxd.it/28Vs,4
2022-09-04,Arrival,2016,https://boxd.it/aNGk,4
2022-09-04,Taxi Driver,1976,https://boxd.it/2b8y,4
2022-09-04,The Avengers,2012,https://boxd.it/1xFW,3.5
2022-09-04,Ratatouille,2007,https://boxd.it/27ww,4.5
2022-09-04,Toy Story,1995,https://boxd.it/29qA,3.5
2022-09-04,The Good Dinosaur,2015,https://boxd.it/3AD4,2
2022-09-04,Brave,2012,https://boxd.it/bVG,2
2022-09-04,Cars 2,2011,https://boxd.it/H4Y,2.5
2022-09-04,Monsters University,2013,https://boxd.it/bQm,2.5
2022-09-04,WALL·E,2008,https://boxd.it/1VEo,4
2022-09-04,Cars,2006,https://boxd.it/29ho,3.5
2022-09-04,Toy Story 2,1999,https://boxd.it/29qq,3.5
2022-09-04,"Monsters, Inc.",2001,https://boxd.it/2a46,4.5
2022-09-04,The Incredibles,2004,https://boxd.it/1XLm,5
2022-09-04,Toy Story 3,2010,https://boxd.it/1WRe,4.5
2022-09-04,Up,2009,https://boxd.it/1OEc,5
2022-09-04,Inside Out,2015,https://boxd.it/4KHC,4
2022-09-04,Finding Dory,2016,https://boxd.it/4aAA,2.5
2022-09-04,Finding Nemo,2003,https://boxd.it/72i,3.5
2022-09-04,Iron Man,2008,https://boxd.it/28dA,3.5
2022-09-04,Iron Man 2,2010,https://boxd.it/1WZM,2.5
2022-09-04,Thor,2011,https://boxd.it/1WQU,2.5
2022-09-04,Captain America: The First Avenger,2011,https://boxd.it/28b0,3
2022-09-04,Iron Man 3,2013,https://boxd.it/2cBQ,2.5
2022-09-04,Thor: The Dark World,2013,https://boxd.it/2DqA,0.5
2022-09-04,Guardians of the Galaxy,2014,https://boxd.it/3VH2,3.5
2022-09-04,Avengers: Age of Ultron,2015,https://boxd.it/3qi6,3
2022-09-04,Ant-Man,2015,https://boxd.it/3vmW,4
2022-09-04,Suicide Squad,2016,https://boxd.it/9row,1.5
2022-09-04,Batman v Superman: Dawn of Justice,2016,https://boxd.it/6fBW,2
2022-09-04,Wonder Woman,2017,https://boxd.it/9roG,3
2022-09-04,Last Night in Soho,2021,https://boxd.it/lbJC,4
2022-09-04,Scott Pilgrim vs. the World,2010,https://boxd.it/1Aq6,3.5
2022-09-04,Shaun of the Dead,2004,https://boxd.it/29J8,5
2022-09-04,Hot Fuzz,2007,https://boxd.it/2416,4.5
2022-09-04,The World's End,2013,https://boxd.it/3EiO,4
2022-09-04,The Evil Dead,1981,https://boxd.it/29Go,4.5
2022-09-04,Spider-Man 3,2007,https://boxd.it/2a7Y,3
2022-09-04,Spider-Man,2002,https://boxd.it/2a8i,4.5
2022-09-05,Stand by Me,1986,https://boxd.it/2aOe,5
2022-09-05,Batman Begins,2005,https://boxd.it/2aIg,4
2022-09-05,The Thing,1982,https://boxd.it/294O,5
2022-09-05,The Tragedy of Macbeth,2021,https://boxd.it/lMi4,4
2022-09-05,Magnolia,1999,https://boxd.it/2aze,4.5
2022-09-10,Barbarian,2022,https://boxd.it/yohi,4.5
2022-09-22,Pearl,2022,https://boxd.it/zPbe,3.5
2022-09-25,Don't Worry Darling,2022,https://boxd.it/mViu,1.5
2022-09-28,The Greatest Beer Run Ever,2022,https://boxd.it/m2tC,2.5
2022-09-28,Dumb and Dumber,1994,https://boxd.it/206m,4.5
2022-10-01,Whiplash,2014,https://boxd.it/7bQA,5
2022-10-10,Smile,2022,https://boxd.it/xjfE,3
2022-10-10,Bug Off!,2001,https://boxd.it/53zW,0.5
2022-10-17,Halloween Ends,2022,https://boxd.it/mO8M,2.5
2022-10-29,Terrifier 2,2022,https://boxd.it/oI10,3
2022-10-31,Till,2022,https://boxd.it/wfwY,3.5
2022-11-01,Watchmen,2009,https://boxd.it/1QE4,3
2022-11-01,Terrifier,2016,https://boxd.it/eRzg,1.5
2022-11-01,Forrest Gump,1994,https://boxd.it/728,3.5
2022-11-01,Deadpool,2016,https://boxd.it/9fOC,3.5
2022-11-01,Encanto,2021,https://boxd.it/kPRu,3.5
2022-11-01,Superbad,2007,https://boxd.it/20hO,4
2022-11-01,Home Alone,1990,https://boxd.it/29Fg,3.5
2022-11-01,Zootopia,2016,https://boxd.it/84xS,4
2022-11-01,The Hangover,2009,https://boxd.it/1GjK,4
2022-11-01,Scream,1996,https://boxd.it/24EC,4.5
2022-11-01,mother!,2017,https://boxd.it/dgRU,3.5
2022-11-01,Zombieland,2009,https://boxd.it/1En6,3.5
2022-11-01,A Nightmare on Elm Street,1984,https://boxd.it/2aw0,4
2022-11-01,Poltergeist,1982,https://boxd.it/2a0o,4.5
2022-11-01,Child's Play,1988,https://boxd.it/1VTo,4
2022-11-01,Orphan: First Kill,2022,https://boxd.it/sxZc,2
2022-11-01,Jackass Forever,2022,https://boxd.it/opUg,3.5
2022-11-01,The Lost City,2022,https://boxd.it/sg0Q,3
2022-11-01,The Woman King,2022,https://boxd.it/r9a8,3.5
2022-11-01,Moonage Daydream,2022,https://boxd.it/A8Co,3.5
2022-11-01,The Bad Guys,2022,https://boxd.it/nkg4,3.5
2022-11-01,Bros,2022,https://boxd.it/mJZw,3.5
2022-11-05,TÁR,2022,https://boxd.it/uNIA,4
2022-11-08,The Passion of the Christ,2004,https://boxd.it/29ZK,2.5
2022-11-09,The Banshees of Inisherin,2022,https://boxd.it/p7XS,4.5
2022-11-09,Se7en,1995,https://boxd.it/29zs,5
2022-11-12,Black Panther: Wakanda Forever,2022,https://boxd.it/igPu,2.5
2022-11-13,Weird: The Al Yankovic Story,2022,https://boxd.it/yYZA,4
2022-11-16,Eternals,2021,https://boxd.it/j36o,3
2022-11-18,Click,2006,https://boxd.it/1YVM,3
2022-11-23,The Menu,2022,https://boxd.it/lScm,4.5
2022-11-24,Godzilla,2014,https://boxd.it/47OE,3.5
2022-11-24,Godzilla: Final Wars,2004,https://boxd.it/1Lz4,3.5
2022-11-24,Godzilla vs. Kong,2021,https://boxd.it/e0qK,3
2022-11-24,Godzilla,1998,https://boxd.it/29fW,1
2022-11-25,Gerald's Game,2017,https://boxd.it/buKa,3.5
2022-11-26,Jurassic Park,1993,https://boxd.it/2aA2,4
2022-11-26,Indiana Jones and the Kingdom of the Crystal Skull,2008,https://boxd.it/2aR8,2.5
2022-11-26,Indiana Jones and the Last Crusade,1989,https://boxd.it/2baO,4.5
2022-11-26,Indiana Jones and the Temple of Doom,1984,https://boxd.it/2bb8,4
2022-11-26,Minority Report,2002,https://boxd.it/2aWi,4
2022-11-26,The BFG,2016,https://boxd.it/81cs,1
2022-11-26,Glass Onion,2022,https://boxd.it/oCkK,4
2022-11-26,The Fabelmans,2022,https://boxd.it/ugoM,4.5
2022-11-27,Bones and All,2022,https://boxd.it/tLd4,3
2022-11-29,Office Space,1999,https://boxd.it/28Em,4
2022-11-29,Beavis and Butt-Head Do America,1996,https://boxd.it/25zo,4
2022-11-29,Beavis and Butt-Head Do the Universe,2022,https://boxd.it/vf5Q,3.5
2022-11-29,"South Park: Bigger, Longer & Uncut",1999,https://boxd.it/1YAO,4.5
2022-12-04,Raiders of the Lost Ark,1981,https://boxd.it/2bbs,4.5
2022-12-05,Moonrise Kingdom,2012,https://boxd.it/2Wng,4
2022-12-05,Violent Night,2022,https://boxd.it/xXBA,2.5
2022-12-06,The Sixth Sense,1999,https://boxd.it/29Js,4
2022-12-06,The Last Airbender,2010,https://boxd.it/1WQK,0.5
2022-12-06,Requiem for a Dream,2000,https://boxd.it/29VI,4.5
2022-12-06,The Lion King,1994,https://boxd.it/201Q,4
2022-12-06,Coraline,2009,https://boxd.it/1NhQ,4
2022-12-06,The Nightmare Before Christmas,1993,https://boxd.it/1YzQ,3
2022-12-06,Pride & Prejudice,2005,https://boxd.it/24u8,3
2022-12-06,Moana,2016,https://boxd.it/8tfY,4
2022-12-06,Venom,2018,https://boxd.it/b8wA,2
2022-12-06,Room,2015,https://boxd.it/7T0y,4.5
2022-12-06,Frozen,2013,https://boxd.it/3GNa,2.5
2022-12-06,The Amazing Spider-Man 2,2014,https://boxd.it/3utM,1
2022-12-06,The Amazing Spider-Man,2012,https://boxd.it/27PI,3
2022-12-06,The Lego Movie,2014,https://boxd.it/4pDO,4.5
2022-12-06,21 Jump Street,2012,https://boxd.it/J0,4
2022-12-06,The Mitchells vs. the Machines,2021,https://boxd.it/i7xm,3.5
2022-12-06,House of Gucci,2021,https://boxd.it/nVkC,3
2022-12-06,Wreck-It Ralph,2012,https://boxd.it/2TTS,4
2022-12-06,Monty Python and the Holy Grail,1975,https://boxd.it/29GI,3.5
2022-12-06,Borat: Cultural Learnings of America for Make Benefit Glorious Nation of Kazakhstan,2006,https://boxd.it/2agQ,4.5
2022-12-06,Nobody,2021,https://boxd.it/mLqS,3
2022-12-06,Elf,2003,https://boxd.it/1VyK,3.5
2022-12-06,The Emperor's New Groove,2000,https://boxd.it/1Tey,3.5
2022-12-06,Despicable Me,2010,https://boxd.it/1DD8,3
2022-12-06,Doctor Sleep,2019,https://boxd.it/i5vI,3.5
2022-12-06,Evil Dead II,1987,https://boxd.it/29Ge,4.5
2022-12-06,Scream,2022,https://boxd.it/o0lg,4
2022-12-06,Captain America: Civil War,2016,https://boxd.it/89Ja,3.5
2022-12-06,Shazam!,2019,https://boxd.it/8WBu,3
2022-12-06,Child's Play,2019,https://boxd.it/jpX0,3
2022-12-06,Star Wars,1977,https://boxd.it/72s,3.5
2022-12-06,Star Wars: The Force Awakens,2015,https://boxd.it/4vru,3
2022-12-06,The Empire Strikes Back,1980,https://boxd.it/27Vw,4
2022-12-07,Good Time,2017,https://boxd.it/fcFu,4.5
2022-12-16,UHF,1989,https://boxd.it/1SFI,4
2022-12-24,National Lampoon's Vacation,1983,https://boxd.it/1Uvq,4
2022-12-24,National Lampoon's Christmas Vacation,1989,https://boxd.it/22wQ,3.5
2022-12-24,Mission: Impossible,1996,https://boxd.it/29d2,3
2022-12-24,Mission: Impossible – Rogue Nation,2015,https://boxd.it/5rI4,4
2022-12-24,Mission: Impossible – Ghost Protocol,2011,https://boxd.it/psI,3.5
2022-12-24,A Christmas Story,1983,https://boxd.it/29sw,4
2022-12-24,A Christmas Story Christmas,2022,https://boxd.it/z1Rk,2
2022-12-24,The Cabin in the Woods,2011,https://boxd.it/1zOc,4
2022-12-24,Annihilation,2018,https://boxd.it/9yzm,4
2022-12-24,Halloween Kills,2021,https://boxd.it/mxzG,2.5
2022-12-27,Ferris Bueller's Day Off,1986,https://boxd.it/1YPY,4
2022-12-27,Charlie and the Chocolate Factory,2005,https://boxd.it/2b68,3
2022-12-30,Suspiria,1977,https://boxd.it/1SNW,3.5
2023-01-03,Babylon,2022,https://boxd.it/mM02,3
2023-01-04,Puss in Boots: The Last Wish,2022,https://boxd.it/aaie,4
2023-01-05,The Whale,2022,https://boxd.it/tw4c,3.5
2023-01-07,M3GAN,2022,https://boxd.it/jxmG,3.5
2023-01-10,Much Ado About Nothing,1993,https://boxd.it/1SDM,3
2023-01-10,Hamlet,1996,https://boxd.it/1VZc,3.5
2023-01-17,Kill Bill: Vol. 1,2003,https://boxd.it/70w,4
2023-01-23,Missing,2023,https://boxd.it/sS1W,3.5
2023-01-24,Nathan for You: Finding Frances,2017,https://boxd.it/hufy,4.5
2023-01-27,Nightmare Alley,2021,https://boxd.it/m0HC,3.5
2023-01-27,EO,2022,https://boxd.it/txhc,4
2023-01-28,Babies,2010,https://boxd.it/Rdm,3
2023-01-28,Infinity Pool,2023,https://boxd.it/oPSK,3
2023-01-28,Aftersun,2022,https://boxd.it/Arw0,5
2023-02-04,Knock at the Cabin,2023,https://boxd.it/npL2,3
2023-02-04,Moneyball,2011,https://boxd.it/glS,4
2023-02-04,Rango,2011,https://boxd.it/QPk,4
2023-02-05,Wes Craven's New Nightmare,1994,https://boxd.it/1TsU,3.5
2023-02-05,Free Solo,2018,https://boxd.it/iEEq,4
2023-02-05,I Saw the Devil,2010,https://boxd.it/FaK,4
2023-02-09,Zoolander,2001,https://boxd.it/1YMA,3.5
2023-02-18,"The Boy, the Mole, the Fox and the Horse",2022,https://boxd.it/BBT6,1
2023-02-18,An Ostrich Told Me the World Is Fake and I Think I Believe It,2022,https://boxd.it/zBoo,2
2023-02-18,Ice Merchants,2022,https://boxd.it/Arx8,3.5
2023-02-18,My Year of Dicks,2022,https://boxd.it/AF9k,2.5
2023-02-18,The Flying Sailor,2022,https://boxd.it/rSdw,2
2023-02-25,The Black Phone,2021,https://boxd.it/sqFE,4
2023-03-04,On the Count of Three,2021,https://boxd.it/tbfI,4.5
2023-03-05,Cocaine Bear,2023,https://boxd.it/ugw2,3.5
2023-03-10,Scream VI,2023,https://boxd.it/zdfW,3.5
2023-03-19,Inside,2023,https://boxd.it/AagY,4
2023-03-23,Fight Club,1999,https://boxd.it/2a9q,4.5
2023-03-23,Champions,2023,https://boxd.it/zbna,3
2023-03-26,Fargo,1996,https://boxd.it/2aHM,4
2023-03-30,The Dark Knight Rises,2012,https://boxd.it/H3m,3
2023-03-30,Perfect Blue,1997,https://boxd.it/1W7A,4
2023-04-02,John Wick: Chapter 4,2023,https://boxd.it/mh48,4
2023-04-08,Paint,2023,https://boxd.it/uYp0,1
2023-04-08,The Super Mario Bros. Movie,2023,https://boxd.it/i8C8,2
2023-04-09,Peter Rabbit,2018,https://boxd.it/di8W,0.5
2023-04-16,Air,2023,https://boxd.it/Arlc,3.5
2023-04-20,Beau Is Afraid,2023,https://boxd.it/u2gE,4.5
2023-04-22,Evil Dead Rise,2023,https://boxd.it/qIvo,4
2023-04-23,Holes,2003,https://boxd.it/20mE,3.5
2023-05-02,Hypnotic,2023,https://boxd.it/jwXw,1
2023-05-06,Little Miss Sunshine,2006,https://boxd.it/29EW,4
2023-05-07,12 Angry Men,1957,https://boxd.it/2auI,5
2023-05-09,"Are You There God? It's Me, Margaret.",2023,https://boxd.it/kiYC,4
2023-05-11,Guardians of the Galaxy Vol. 3,2023,https://boxd.it/fVNI,4
2023-05-12,The Grand Budapest Hotel,2014,https://boxd.it/3ZqO,3.5
2023-05-13,Blade Runner,1982,https://boxd.it/2bcA,3.5
2023-05-22,Sisu,2022,https://boxd.it/vHpu,3
2023-05-30,The Little Mermaid,2023,https://boxd.it/fVum,3
2023-06-02,Spider-Man: Across the Spider-Verse,2023,https://boxd.it/kSz4,4.5
2023-06-21,Asteroid City,2023,https://boxd.it/s3ds,3
2023-06-24,Control,2007,https://boxd.it/22IC,4.5
2023-06-25,Past Lives,2023,https://boxd.it/oNB8,4
2023-07-03,Indiana Jones and the Dial of Destiny,2023,https://boxd.it/b8vM,3
2023-07-16,Mission: Impossible – Dead Reckoning,2023,https://boxd.it/l7zS,4
2023-07-22,Barbie,2023,https://boxd.it/bCLK,4.5
2023-07-22,Oppenheimer,2023,https://boxd.it/wUow,4.5
2023-07-30,Talk to Me,2022,https://boxd.it/C6uQ,4
2023-08-17,The Dark Knight,2008,https://boxd.it/2b0k,4.5
2023-08-27,Oldboy,2003,https://boxd.it/29R2,5
2023-08-30,Sound of Freedom,2023,https://boxd.it/piEi,1.5
2023-09-02,Bottoms,2023,https://boxd.it/uGf2,4
2023-09-10,Spiral: From the Book of Saw,2021,https://boxd.it/meXk,2.5
2023-09-17,The Equalizer 3,2023,https://boxd.it/yU54,3
2023-10-02,Saw X,2023,https://boxd.it/zUWk,3.5
2023-10-18,The Exorcist: Believer,2023,https://boxd.it/uotK,1.5
2023-10-21,Killers of the Flower Moon,2023,https://boxd.it/gHp0,4.5
2023-11-01,Five Nights at Freddy's,2023,https://boxd.it/ikHu,2
2023-11-05,Anatomy of a Fall,2023,https://boxd.it/yuDE,4.5
2023-11-05,Spider-Man: Into the Spider-Verse,2018,https://boxd.it/azpY,4.5
2023-11-25,The Holdovers,2023,https://boxd.it/vHza,4.5
2023-11-25,The Killer,2023,https://boxd.it/u6WE,4
2023-11-26,Next Goal Wins,2023,https://boxd.it/mZTu,3
2023-11-27,Saltburn,2023,https://boxd.it/z4eg,2.5
2023-12-03,Dream Scenario,2023,https://boxd.it/v2h0,4
2023-12-04,Godzilla Minus One,2023,https://boxd.it/zu4c,4.5
2023-12-13,The Lego Batman Movie,2017,https://boxd.it/azp0,4.5
2023-12-14,Men,2022,https://boxd.it/tlc0,3
2023-12-17,The Boy and the Heron,2023,https://boxd.it/ipeM,3
2023-12-24,Poor Things,2023,https://boxd.it/tNWU,3.5
2023-12-28,The Iron Claw,2023,https://boxd.it/w5Pm,4.5
2024-01-13,Funny Games,1997,https://boxd.it/1WKM,4.5
2024-01-16,The Curse,2023,https://boxd.it/IWYq,4.5
2024-01-30,All of Us Strangers,2023,https://boxd.it/Bz3C,4
2024-02-03,The SpongeBob SquarePants Movie,2004,https://boxd.it/1SYq,4.5
2024-02-03,Popstar: Never Stop Never Stopping,2016,https://boxd.it/blDa,4
2024-02-04,Catch Me If You Can,2002,https://boxd.it/29VS,4
2024-02-07,The Zone of Interest,2023,https://boxd.it/gJsA,4
2024-02-13,The Invention of Morel,1967,https://boxd.it/6B7k,3.5
2024-02-15,The Teachers' Lounge,2023,https://boxd.it/BINY,4
2024-02-18,Anyone But You,2023,https://boxd.it/EzA8,1.5
2024-02-24,Trainspotting,1996,https://boxd.it/29XY,4
2024-02-25,Drive-Away Dolls,2024,https://boxd.it/A8vi,3.5
2024-02-29,Thor: Ragnarok,2017,https://boxd.it/8MHi,4
2024-02-29,Night Visions,2020,https://boxd.it/r3iA,2.5
2024-02-29,Beautiful Missing People,2021,https://boxd.it/xNqs,3
2024-03-02,Dune: Part Two,2024,https://boxd.it/pUfA,4
2024-03-03,Airplane!,1980,https://boxd.it/29yu,4.5
2024-03-08,South Park (Not Suitable for Children),2023,https://boxd.it/KikO,3.5
2024-03-09,Stalker,1979,https://boxd.it/28PO,4
2024-03-17,Love Lies Bleeding,2024,https://boxd.it/zN4q,3
2024-03-20,Blade Runner 2049,2017,https://boxd.it/b8wK,4.5
2024-03-23,Late Night with the Devil,2023,https://boxd.it/zo6G,2.5
2024-03-24,The Heirloom,2024,https://boxd.it/Ki18,3
2024-04-08,Godzilla × Kong: The New Empire,2024,https://boxd.it/v1PK,2
2024-04-08,Kong: Skull Island,2017,https://boxd.it/9ewM,3
2024-04-08,Godzilla: King of the Monsters,2019,https://boxd.it/cY7Y,2.5
2024-04-15,Ralph Breaks the Internet,2018,https://boxd.it/edAy,2
2024-04-23,Challengers,2024,https://boxd.it/zld0,4.5
2024-04-28,Dazed and Confused,1993,https://boxd.it/1Ylk,4
2024-05-03,Everybody Wants Some!!,2016,https://boxd.it/9mgM,3
2024-05-05,The Fall Guy,2024,https://boxd.it/s0Bm,3
2024-05-18,I Saw the TV Glow,2024,https://boxd.it/woVe,4
2024-05-26,Hundreds of Beavers,2022,https://boxd.it/CyUM,4
2024-05-27,Furiosa: A Mad Max Saga,2024,https://boxd.it/tABk,3.5
2024-06-09,Run Lola Run,1998,https://boxd.it/2b8o,4
2024-06-17,Old Henry,2021,https://boxd.it/ty1u,3.5
2024-06-23,Inside Out 2,2024,https://boxd.it/CFrC,3.5
2024-06-29,Kinds of Kindness,2024,https://boxd.it/CWPw,4
2024-07-13,Longlegs,2024,https://boxd.it/KzLM,2.5
2024-07-15,Robot Dreams,2023,https://boxd.it/vBZm,4
2024-07-20,Twisters,2024,https://boxd.it/qV7a,3.5
2024-07-21,Teen Titans Go! To the Movies,2018,https://boxd.it/h13o,3.5
2024-07-26,Despicable Me 4,2024,https://boxd.it/iOLG,2
2024-07-28,Deadpool & Wolverine,2024,https://boxd.it/jq8s,3.5
2024-08-07,May December,2023,https://boxd.it/vEE2,3.5
2024-08-13,Cuckoo,2024,https://boxd.it/wMjI,2.5
2024-09-05,Alien: Romulus,2024,https://boxd.it/zGqO,4
2024-09-11,Brüno,2009,https://boxd.it/1GSA,4
2024-09-14,Beetlejuice Beetlejuice,2024,https://boxd.it/yyGs,3.5
2024-09-19,The Caregiver,2024,https://boxd.it/OqgI,3.5
2024-09-21,The Substance,2024,https://boxd.it/zanS,4.5
2024-09-27,The Outsiders,1983,https://boxd.it/2aPw,3.5
2024-09-28,Megalopolis,2024,https://boxd.it/lPBS,3
2024-10-01,Joker: Folie à Deux,2024,https://boxd.it/xBoE,2.5
2024-10-05,Punch-Drunk Love,2002,https://boxd.it/20E4,4
2024-10-11,Terrifier 3,2024,https://boxd.it/D8tM,2.5
2024-10-18,The Florida Project,2017,https://boxd.it/dMG0,4
2024-10-24,The Witch,2015,https://boxd.it/9X0m,4.5
2024-10-24,Fantastic Mr. Fox,2009,https://boxd.it/1WyQ,3.5
2024-10-31,The Wild Robot,2024,https://boxd.it/IWFy,3.5
2024-11-01,Trick 'r Treat,2007,https://boxd.it/1zvE,3
2024-11-09,Anora,2024,https://boxd.it/Egcw,4
2024-11-14,The Penguin,2024,https://boxd.it/QkIU,4
2024-11-17,A Real Pain,2024,https://boxd.it/CjNG,4
2024-11-22,Heretic,2024,https://boxd.it/H1lY,4.5
2024-11-24,Memories of Murder,2003,https://boxd.it/1TSo,4
2024-11-28,Spaceballs,1987,https://boxd.it/29cy,4
2024-12-08,Y2K,2024,https://boxd.it/FnHI,2
2024-12-08,Freaky,2020,https://boxd.it/ka42,3
2024-12-08,Easter Sunday,2022,https://boxd.it/v4GG,1.5
2024-12-20,Queer,2024,https://boxd.it/E4RW,3.5
2024-12-23,Election,1999,https://boxd.it/1YEc,4
2024-12-26,Nosferatu,2024,https://boxd.it/f5eG,4
2025-01-05,Babygirl,2024,https://boxd.it/Fvai,2.5
2025-01-12,The Last Showgirl,2024,https://boxd.it/KWtm,2.5
2025-01-18,The Brutalist,2024,https://boxd.it/k4BO,4.5
2025-01-24,Presence,2024,https://boxd.it/H88i,1.5
2025-01-28,Brave the Dark,2023,https://boxd.it/oxPS,1
2025-02-03,Sideways,2004,https://boxd.it/1Y5c,3.5
2025-02-05,50/50,2011,https://boxd.it/10Tw,3
2025-02-07,"Paris, Texas",1984,https://boxd.it/29Ts,4.5
2025-02-16,Captain America: Brave New World,2025,https://boxd.it/uYDm,1.5
2025-02-20,Ant-Man and the Wasp: Quantumania,2023,https://boxd.it/nL2y,1
2025-02-20,Thor: Love and Thunder,2022,https://boxd.it/mMAY,2.5
2025-02-20,Doctor Strange in the Multiverse of Madness,2022,https://boxd.it/gaTc,2.5
2025-03-02,Tropic Thunder,2008,https://boxd.it/20WM,4
2025-03-08,Mickey 17,2025,https://boxd.it/q1Dk,4
2025-03-09,Cure,1997,https://boxd.it/1blA,4.5
2025-03-17,Barry Lyndon,1975,https://boxd.it/25A2,3.5
2025-03-18,Seven Samurai,1954,https://boxd.it/2axi,4.5
2025-03-20,In Bruges,2008,https://boxd.it/20n8,4.5
2025-03-31,After Hours,1985,https://boxd.it/1VfS,4
2025-04-07,Hell of a Summer,2023,https://boxd.it/BLQQ,2.5
2025-04-11,Warfare,2025,https://boxd.it/LbRo,3.5
2025-04-11,Civil War,2024,https://boxd.it/z1jW,3.5
2025-04-13,A Minecraft Movie,2025,https://boxd.it/zRro,2
2025-04-20,The Tree of Life,2011,https://boxd.it/1Zu8,4
2025-04-20,Sinners,2025,https://boxd.it/KQMM,3
2025-04-21,The King of Kings,2025,https://boxd.it/INig,2
2025-04-21,Harold & Kumar Go to White Castle,2004,https://boxd.it/1Ueu,3.5
2025-04-30,Idiocracy,2006,https://boxd.it/20RW,4
2025-05-04,Thunderbolts*,2025,https://boxd.it/BfbQ,3.5
2025-05-10,Harold & Kumar Escape from Guantanamo Bay,2008,https://boxd.it/1QoU,3
2025-05-17,Final Destination Bloodlines,2025,https://boxd.it/l5y4,3.5
2025-05-25,Friendship,2024,https://boxd.it/L6Dc,4
2025-05-30,Bring Her Back,2025,https://boxd.it/Hxlc,4.5
2025-06-11,Mission: Impossible – The Final Reckoning,2025,https://boxd.it/l7A2,3.5
2025-06-12,Mean Girls,2004,https://boxd.it/1VNg,4
2025-06-15,How to Train Your Dragon,2025,https://boxd.it/F7Je,3
2025-06-16,Materialists,2025,https://boxd.it/GZlW,4
2025-06-16,The Life of Chuck,2024,https://boxd.it/vMTu,3
2025-06-25,28 Years Later,2025,https://boxd.it/FEGM,3.5
2025-07-07,F1,2025,https://boxd.it/yjVM,3.5
2025-07-13,Superman,2025,https://boxd.it/E9IU,4
2025-07-24,Skinamarink,2022,https://boxd.it/ByDO,1.5
2025-07-28,10 Things I Hate About You,1999,https://boxd.it/23AO,3.5
2025-07-28,The Fantastic 4: First Steps,2025,https://boxd.it/mP6C,3.5
2025-08-07,The Naked Gun,2025,https://boxd.it/Da9k,4
2025-08-09,Weapons,2025,https://boxd.it/EMTM,4.5
2025-08-16,The Monkey,2025,https://boxd.it/Gwiu,3
2025-08-19,Shin Godzilla,2016,https://boxd.it/a9lm,3.5
2025-09-02,Caught Stealing,2025,https://boxd.it/LnyS,3
2025-09-06,Nobody 2,2025,https://boxd.it/C5Lc,2.5
2025-09-06,Lost in Translation,2003,https://boxd.it/2b0E,3.5
2025-09-07,The Godfather,1972,https://boxd.it/2aNK,3.5
2025-09-07,The Conversation,1974,https://boxd.it/2a38,4
2025-09-09,The Departed,2006,https://boxd.it/28MA,5
2025-09-12,Eddington,2025,https://boxd.it/o6MC,4
2025-09-13,The Shawshank Redemption,1994,https://boxd.it/2aHi,4.5
2025-09-18,Boogie Nights,1997,https://boxd.it/23um,4
2025-09-22,Before Sunrise,1995,https://boxd.it/2bcU,4
2025-09-23,Before Sunset,2004,https://boxd.it/2bcg,4.5
2025-09-26,One Battle After Another,2025,https://boxd.it/DUHM,5
2025-10-01,There Will Be Blood,2007,https://boxd.it/20Z2,5
2025-10-13,The Smashing Machine,2025,https://boxd.it/syUC,3.5
2025-10-31,Avatar: The Way of Water,2022,https://boxd.it/2E2E,3
2025-10-31,Bugonia,2025,https://boxd.it/qeWY,4
2025-11-02,House,1977,https://boxd.it/1vsm,3.5
2025-11-15,Die My Love,2025,https://boxd.it/D5cI,2.5
2025-11-17,Chainsaw Man – The Movie: Reze Arc,2025,https://boxd.it/Kgyu,3.5
2025-11-22,"Planes, Trains and Automobiles",1987,https://boxd.it/26zE,4
2025-11-23,Sentimental Value,2025,https://boxd.it/GwcG,4
2025-11-25,Love & Mercy,2014,https://boxd.it/8bd6,4.5
2025-12-01,Zootopia 2,2025,https://boxd.it/F0vO,3
2025-12-07,Hamnet,2025,https://boxd.it/woVy,4.5
2025-12-19,Avatar: Fire and Ash,2025,https://boxd.it/2W7s,2
2025-12-26,Marty Supreme,2025,https://boxd.it/Off0,5
2026-01-04,Wake Up Dead Man,2025,https://boxd.it/uAKS,4
2026-01-05,The Wolf of Wall Street,2013,https://boxd.it/3C1m,4
2026-01-07,Primate,2025,https://boxd.it/Obz6,2
2026-01-18,No Other Choice,2025,https://boxd.it/nKiA,4
2026-01-20,28 Years Later: The Bone Temple,2026,https://boxd.it/MwlA,4
2026-01-21,The Breakfast Club,1985,https://boxd.it/27q4,3.5
2026-01-25,The Master,2012,https://boxd.it/2cBG,4
2026-01-28,Schindler's List,1993,https://boxd.it/2aq2,4.5
2026-02-05,Send Help,2026,https://boxd.it/JuhA,4
2026-02-06,Bad Lieutenant,1992,https://boxd.it/1Src,4
2026-02-15,Wuthering Heights,2026,https://boxd.it/OdIa,2
2026-02-15,Phantom Thread,2017,https://boxd.it/e4uc,4
2026-02-17,Nirvanna the Band the Show the Movie,2025,https://boxd.it/HG9a,4
2026-02-23,"The Good, the Bad and the Ugly",1966,https://boxd.it/2ape,4
2026-02-26,Companion,2025,https://boxd.it/F04o,3.5
2026-03-02,La La Land,2016,https://boxd.it/a5fa,4
2026-03-04,HIM,2025,https://boxd.it/BfYI,1.5
2026-03-04,Pulp Fiction,1994,https://boxd.it/29Pq,4.5
2026-03-13,Train Dreams,2025,https://boxd.it/LdDo,4
2026-03-15,Reservoir Dogs,1992,https://boxd.it/2agc,4
2026-03-17,Project Hail Mary,2026,https://boxd.it/pEeQ,3.5
2026-03-18,"Synecdoche, New York",2008,https://boxd.it/23zw,4.5
2026-03-22,Good Will Hunting,1997,https://boxd.it/2ahY,4
2026-04-05,The Drama,2026,https://boxd.it/OA2w,4
2026-04-12,Faces of Death,2026,https://boxd.it/wiLC,1
